{"cameraMode":{"drawMode":0,"name":"Shaded","section":"Shading Mode"},"sceneLighting":false,"audioPlay":false,"sceneViewState":{"showFog":true,"showMaterialUpdate":false,"showSkybox":false,"showFlares":true,"showImageEffects":true,"showParticleSystems":true},"in2DMode":false,"pivot":{"x":-19.890869140625,"y":2.85064697265625,"z":-34.321929931640628},"rotation":{"x":-0.02658194676041603,"y":-0.6368545889854431,"z":-0.02198171243071556,"w":0.7702190279960632},"size":1.7252655029296876,"orthographic":false}