{"cameraMode":{"drawMode":0,"name":"Shaded","section":"Shading Mode"},"sceneLighting":false,"audioPlay":false,"sceneViewState":{"showFog":true,"showMaterialUpdate":false,"showSkybox":false,"showFlares":true,"showImageEffects":true,"showParticleSystems":true},"in2DMode":false,"pivot":{"x":0.1572265625,"y":0.29754638671875,"z":-0.0189666748046875},"rotation":{"x":-0.0932944118976593,"y":-0.6487420797348023,"z":-0.08059865981340409,"w":0.7509591579437256},"size":0.752564013004303,"orthographic":true}