{"cameraMode":{"drawMode":0,"name":"Shaded","section":"Shading Mode"},"sceneLighting":false,"audioPlay":false,"sceneViewState":{"showFog":true,"showMaterialUpdate":false,"showSkybox":false,"showFlares":true,"showImageEffects":true,"showParticleSystems":true},"in2DMode":false,"pivot":{"x":52.57310485839844,"y":85.06507873535156,"z":0.0},"rotation":{"x":0.04943617805838585,"y":-0.041936181485652927,"z":0.002077571116387844,"w":0.9978944063186646},"size":426.81243896484377,"orthographic":true}