{"cameraMode":{"drawMode":0,"name":"Shaded","section":"Shading Mode"},"sceneLighting":false,"audioPlay":false,"sceneViewState":{"showFog":true,"showMaterialUpdate":false,"showSkybox":false,"showFlares":true,"showImageEffects":true,"showParticleSystems":true},"in2DMode":false,"pivot":{"x":0.1581573486328125,"y":1.2988052368164063,"z":0.2298583984375},"rotation":{"x":0.005843471735715866,"y":-0.9931902885437012,"z":-0.05727348104119301,"w":-0.101360023021698},"size":1.036467432975769,"orthographic":true}