{"cameraMode":{"drawMode":0,"name":"Shaded","section":"Shading Mode"},"sceneLighting":true,"audioPlay":false,"sceneViewState":{"showFog":true,"showMaterialUpdate":false,"showSkybox":true,"showFlares":true,"showImageEffects":true,"showParticleSystems":true},"in2DMode":false,"pivot":{"x":32.17445373535156,"y":8.250389099121094,"z":-12.231792449951172},"rotation":{"x":0.05956290662288666,"y":0.9040476679801941,"z":-0.4014458954334259,"w":0.1341347098350525},"size":22.15352439880371,"orthographic":false}