{"cameraMode":{"drawMode":0,"name":"Shaded","section":"Shading Mode"},"sceneLighting":false,"audioPlay":false,"sceneViewState":{"showFog":true,"showMaterialUpdate":false,"showSkybox":false,"showFlares":true,"showImageEffects":true,"showParticleSystems":true},"in2DMode":false,"pivot":{"x":-2.578915596008301,"y":-1.696608543395996,"z":-1.3317394256591797},"rotation":{"x":0.30191341042518618,"y":-0.18578894436359406,"z":0.06006176397204399,"w":0.93317049741745},"size":6.564518451690674,"orthographic":false}