{"cameraMode":{"drawMode":0,"name":"Shaded","section":"Shading Mode"},"sceneLighting":false,"audioPlay":false,"sceneViewState":{"showFog":true,"showMaterialUpdate":false,"showSkybox":false,"showFlares":true,"showImageEffects":true,"showParticleSystems":true},"in2DMode":false,"pivot":{"x":0.837910532951355,"y":2.045680284500122,"z":-0.4069431722164154},"rotation":{"x":-0.10024001449346543,"y":-0.7688350081443787,"z":0.12446907162666321,"w":-0.6191738247871399},"size":1.2539739608764649,"orthographic":false}