{"cameraMode":{"drawMode":0,"name":"Shaded","section":"Shading Mode"},"sceneLighting":false,"audioPlay":false,"sceneViewState":{"showFog":true,"showMaterialUpdate":false,"showSkybox":false,"showFlares":true,"showImageEffects":true,"showParticleSystems":true},"in2DMode":false,"pivot":{"x":0.2619663178920746,"y":0.8192034363746643,"z":-0.1293354034423828},"rotation":{"x":-0.007723111193627119,"y":0.8201478123664856,"z":-0.5719971060752869,"w":-0.011072765104472638},"size":2.9489383697509767,"orthographic":true}