{"cameraMode":{"drawMode":0,"name":"Shaded","section":"Shading Mode"},"sceneLighting":false,"audioPlay":false,"sceneViewState":{"showFog":true,"showMaterialUpdate":false,"showSkybox":false,"showFlares":true,"showImageEffects":true,"showParticleSystems":true},"in2DMode":false,"pivot":{"x":-8.976927757263184,"y":-5.316951751708984,"z":-5.073169708251953},"rotation":{"x":-0.18182480335235597,"y":0.5422397255897522,"z":-0.12156686931848526,"w":-0.811278760433197},"size":24.881128311157228,"orthographic":false}