{"cameraMode":{"drawMode":0,"name":"Shaded","section":"Shading Mode"},"sceneLighting":false,"audioPlay":false,"sceneViewState":{"showFog":true,"showMaterialUpdate":false,"showSkybox":false,"showFlares":true,"showImageEffects":true,"showParticleSystems":true},"in2DMode":false,"pivot":{"x":-0.025543689727783204,"y":1.2673845291137696,"z":-0.3465261459350586},"rotation":{"x":-0.054602522403001788,"y":0.3164140284061432,"z":0.018246829509735109,"w":0.9468764066696167},"size":4.779755592346191,"orthographic":false}