{"cameraMode":{"drawMode":0,"name":"Shaded","section":"Shading Mode"},"sceneLighting":false,"audioPlay":false,"sceneViewState":{"showFog":true,"showMaterialUpdate":false,"showSkybox":false,"showFlares":true,"showImageEffects":true,"showParticleSystems":true},"in2DMode":false,"pivot":{"x":-0.74365234375,"y":0.56341552734375,"z":0.7735595703125},"rotation":{"x":-0.10410585254430771,"y":-0.11491050571203232,"z":0.012113557197153569,"w":-0.9878362417221069},"size":2.9288320541381838,"orthographic":true}