{"cameraMode":{"drawMode":0,"name":"Shaded","section":"Shading Mode"},"sceneLighting":true,"audioPlay":false,"sceneViewState":{"showFog":true,"showMaterialUpdate":false,"showSkybox":true,"showFlares":true,"showImageEffects":true,"showParticleSystems":true},"in2DMode":false,"pivot":{"x":7.243185997009277,"y":0.9213180541992188,"z":-10.880170822143555},"rotation":{"x":-0.1521283984184265,"y":0.8173721432685852,"z":-0.25003719329833987,"w":-0.49639928340911868},"size":86.97393798828125,"orthographic":false}