{"cameraMode":{"drawMode":0,"name":"Shaded","section":"Shading Mode"},"sceneLighting":false,"audioPlay":false,"sceneViewState":{"showFog":true,"showMaterialUpdate":false,"showSkybox":false,"showFlares":true,"showImageEffects":true,"showParticleSystems":true},"in2DMode":false,"pivot":{"x":0.1787109375,"y":1.296142578125,"z":0.13134765625},"rotation":{"x":-0.15953874588012696,"y":0.7357574701309204,"z":-0.18591192364692689,"w":-0.6313871145248413},"size":2.430769681930542,"orthographic":true}