{"cameraMode":{"drawMode":0,"name":"Shaded","section":"Shading Mode"},"sceneLighting":false,"audioPlay":false,"sceneViewState":{"showFog":true,"showMaterialUpdate":false,"showSkybox":false,"showFlares":true,"showImageEffects":true,"showParticleSystems":true},"in2DMode":false,"pivot":{"x":-20.049072265625,"y":2.11395263671875,"z":-34.8741455078125},"rotation":{"x":-0.02841438725590706,"y":-0.7118074297904968,"z":-0.02884417027235031,"w":0.7012096047401428},"size":1.2852040529251099,"orthographic":true}