{"cameraMode":{"drawMode":0,"name":"Shaded","section":"Shading Mode"},"sceneLighting":false,"audioPlay":false,"sceneViewState":{"showFog":true,"showMaterialUpdate":false,"showSkybox":false,"showFlares":true,"showImageEffects":true,"showParticleSystems":true},"in2DMode":false,"pivot":{"x":3.4594669342041017,"y":-10.384808540344239,"z":-15.051407814025879},"rotation":{"x":-0.06762946397066117,"y":-0.8958855867385864,"z":0.41402721405029299,"w":-0.14645883440971375},"size":18.6528377532959,"orthographic":false}