{"cameraMode":{"drawMode":0,"name":"Shaded","section":"Shading Mode"},"sceneLighting":false,"audioPlay":false,"sceneViewState":{"showFog":true,"showMaterialUpdate":false,"showSkybox":false,"showFlares":true,"showImageEffects":true,"showParticleSystems":true},"in2DMode":false,"pivot":{"x":-24.29072380065918,"y":0.028382182121276857,"z":-34.82625961303711},"rotation":{"x":0.1303960680961609,"y":0.3832245469093323,"z":-0.054746441543102267,"w":0.9127660989761353},"size":2.4508056640625,"orthographic":false}