{"cameraMode":{"drawMode":0,"name":"Shaded","section":"Shading Mode"},"sceneLighting":false,"audioPlay":false,"sceneViewState":{"showFog":true,"showMaterialUpdate":false,"showSkybox":false,"showFlares":true,"showImageEffects":true,"showParticleSystems":true},"in2DMode":false,"pivot":{"x":2.1038596630096437,"y":2.1635475158691408,"z":1.7436262369155884},"rotation":{"x":-0.16082455217838288,"y":0.7252146005630493,"z":-0.18092724680900575,"w":-0.64457768201828},"size":1.2517805099487305,"orthographic":false}