{"cameraMode":{"drawMode":0,"name":"Shaded","section":"Shading Mode"},"sceneLighting":true,"audioPlay":false,"sceneViewState":{"showFog":true,"showMaterialUpdate":false,"showSkybox":false,"showFlares":true,"showImageEffects":true,"showParticleSystems":true},"in2DMode":false,"pivot":{"x":-5.332725524902344,"y":-2.243967056274414,"z":49.45162582397461},"rotation":{"x":-0.18215779960155488,"y":-0.7623874545097351,"z":0.24355505406856538,"w":-0.5713865756988525},"size":13.292900085449219,"orthographic":false}