{"cameraMode":{"drawMode":0,"name":"Shaded","section":"Shading Mode"},"sceneLighting":true,"audioPlay":false,"sceneViewState":{"showFog":true,"showMaterialUpdate":false,"showSkybox":true,"showFlares":true,"showImageEffects":true,"showParticleSystems":true},"in2DMode":false,"pivot":{"x":-25.763957977294923,"y":-0.3282747268676758,"z":-35.54876708984375},"rotation":{"x":0.04184812679886818,"y":0.9268996715545654,"z":-0.35684505105018618,"w":0.10864890366792679},"size":8.916271209716797,"orthographic":false}