{"cameraMode":{"drawMode":0,"name":"Shaded","section":"Shading Mode"},"sceneLighting":false,"audioPlay":false,"sceneViewState":{"showFog":true,"showMaterialUpdate":false,"showSkybox":false,"showFlares":true,"showImageEffects":true,"showParticleSystems":true},"in2DMode":false,"pivot":{"x":0.08510340005159378,"y":0.6450605392456055,"z":0.605120062828064},"rotation":{"x":0.1211981251835823,"y":0.012274788692593575,"z":-0.001545174396596849,"w":0.9926016330718994},"size":1.2130589485168458,"orthographic":false}