{"cameraMode":{"drawMode":0,"name":"Shaded","section":"Shading Mode"},"sceneLighting":false,"audioPlay":false,"sceneViewState":{"showFog":true,"showMaterialUpdate":false,"showSkybox":false,"showFlares":true,"showImageEffects":true,"showParticleSystems":true},"in2DMode":false,"pivot":{"x":0.2669330835342407,"y":0.8506638407707214,"z":-0.21171659231185914},"rotation":{"x":0.0039051261264830829,"y":-0.99468594789505,"z":0.09427864849567414,"w":0.04120184853672981},"size":1.361379861831665,"orthographic":true}