{"cameraMode":{"drawMode":0,"name":"Shaded","section":"Shading Mode"},"sceneLighting":false,"audioPlay":false,"sceneViewState":{"showFog":true,"showMaterialUpdate":false,"showSkybox":false,"showFlares":true,"showImageEffects":true,"showParticleSystems":true},"in2DMode":false,"pivot":{"x":-0.800000011920929,"y":0.6499999761581421,"z":-0.1499999761581421},"rotation":{"x":0.20322129130363465,"y":-0.7395685315132141,"z":0.25530365109443667,"w":0.5886961817741394},"size":0.40620189905166628,"orthographic":true}