{"cameraMode":{"drawMode":0,"name":"Shaded","section":"Shading Mode"},"sceneLighting":true,"audioPlay":false,"sceneViewState":{"showFog":true,"showMaterialUpdate":false,"showSkybox":false,"showFlares":true,"showImageEffects":true,"showParticleSystems":true},"in2DMode":false,"pivot":{"x":-0.5194263458251953,"y":-0.005581855773925781,"z":44.94151306152344},"rotation":{"x":-0.3738963007926941,"y":-0.2608243227005005,"z":0.11062505841255188,"w":-0.8832495212554932},"size":6.100176811218262,"orthographic":false}