{"cameraMode":{"drawMode":0,"name":"Shaded","section":"Shading Mode"},"sceneLighting":false,"audioPlay":false,"sceneViewState":{"showFog":true,"showMaterialUpdate":false,"showSkybox":false,"showFlares":true,"showImageEffects":true,"showParticleSystems":true},"in2DMode":false,"pivot":{"x":-4.604850769042969,"y":1.3936485052108765,"z":-50.4067497253418},"rotation":{"x":0.011592177674174309,"y":-0.978500485420227,"z":0.19784246385097505,"w":0.057342421263456348},"size":4.672725677490234,"orthographic":false}