{"cameraMode":{"drawMode":0,"name":"Shaded","section":"Shading Mode"},"sceneLighting":false,"audioPlay":false,"sceneViewState":{"showFog":true,"showMaterialUpdate":false,"showSkybox":false,"showFlares":true,"showImageEffects":true,"showParticleSystems":true},"in2DMode":false,"pivot":{"x":0.028056547045707704,"y":0.19744080305099488,"z":0.02558428794145584},"rotation":{"x":-0.01928877644240856,"y":-0.325137197971344,"z":0.006631885189563036,"w":-0.9454599022865295},"size":0.4224745035171509,"orthographic":false}