{"cameraMode":{"drawMode":0,"name":"Shaded","section":"Shading Mode"},"sceneLighting":false,"audioPlay":false,"sceneViewState":{"showFog":true,"showMaterialUpdate":false,"showSkybox":false,"showFlares":true,"showImageEffects":true,"showParticleSystems":true},"in2DMode":false,"pivot":{"x":2.72900390625,"y":8.57470703125,"z":-0.736328125},"rotation":{"x":0.008308561518788338,"y":0.9860265254974365,"z":-0.15811297297477723,"w":0.051813993602991107},"size":13.538586616516114,"orthographic":true}