{"cameraMode":{"drawMode":0,"name":"Shaded","section":"Shading Mode"},"sceneLighting":false,"audioPlay":false,"sceneViewState":{"showFog":true,"showMaterialUpdate":false,"showSkybox":false,"showFlares":true,"showImageEffects":true,"showParticleSystems":true},"in2DMode":false,"pivot":{"x":0.4357435405254364,"y":0.4886932075023651,"z":-0.4257912337779999},"rotation":{"x":0.26314014196395876,"y":0.02893742546439171,"z":-0.007897046394646168,"w":0.9642937183380127},"size":0.29134660959243777,"orthographic":false}