{"cameraMode":{"drawMode":0,"name":"Shaded","section":"Shading Mode"},"sceneLighting":false,"audioPlay":false,"sceneViewState":{"showFog":true,"showMaterialUpdate":false,"showSkybox":false,"showFlares":true,"showImageEffects":true,"showParticleSystems":true},"in2DMode":false,"pivot":{"x":-20.049072265625,"y":2.11395263671875,"z":-34.8741455078125},"rotation":{"x":0.17444536089897157,"y":-0.4979190230369568,"z":0.10300843417644501,"w":0.8432291746139526},"size":1.2499667406082154,"orthographic":true}