{"cameraMode":{"drawMode":0,"name":"Shaded","section":"Shading Mode"},"sceneLighting":false,"audioPlay":false,"sceneViewState":{"showFog":true,"showMaterialUpdate":false,"showSkybox":false,"showFlares":true,"showImageEffects":true,"showParticleSystems":true},"in2DMode":false,"pivot":{"x":-0.0954306572675705,"y":2.1892311573028566,"z":-0.40302252769470217},"rotation":{"x":-0.16861021518707276,"y":0.0307402815669775,"z":-0.0052629392594099049,"w":-0.9852031469345093},"size":0.9539739489555359,"orthographic":false}